nome	url
José Antônio Machado Reguffe	/jose-antonio-machado-reguffe
Carlos Henrique Focesi Sampaio	/carlos-henrique-focesi-sampaio
Pedro Torres Brandão Vilela	/pedro-torres-brandao-vilela
José Augusto Rosa	/jose-augusto-rosa
Esperidião Amin Helou Filho	/esperidiao-amin-helou-filho
João Gualberto Vasconcelos	/joao-gualberto-vasconcelos
Paulo Roberto Foletto	/paulo-roberto-foletto
Romario de Souza Faria	/romario-de-souza-faria
Lúcia Vânia Abrão	/lucia-vania-abrao
Rogério Mendonça	/rogerio-mendonca
Kaio Cesar De Moura Maniçoba Novaes Ferraz	/kaio-cesar-de-moura-manicoba-novaes-ferraz
Jose Adail Carneiro Silva	/jose-adail-carneiro-silva
Marcos Sergio Rotta	/marcos-sergio-rotta
Mariana Fonseca Ribeiro Carvalho de Moraes	/mariana-fonseca-ribeiro-carvalho-de-moraes
Fausto Ruy Pinato	/fausto-ruy-pinato
Rosângela de Souza Gomes	/rosangela-de-souza-gomes
Nelson Padovani	/nelson-padovani
Julio Luiz Baptista Lopes	/julio-luiz-baptista-lopes
Thiago Mello Peixoto da Silveira	/thiago-mello-peixoto-da-silveira
Felipe Leone Bornier de Oliveira	/felipe-leone-bornier-de-oliveira
Sérgio Olimpio Gomes	/sergio-olimpio-gomes
Miguel Lombardi	/miguel-lombardi
Ricardo Izar Junior	/ricardo-izar-junior
Mário Lúcio Heringer	/mario-lucio-heringer
Maria da Conceição Sampaio Moura	/maria-da-conceicao-sampaio-moura
Moroni Bing Torgan	/moroni-bing-torgan
Walney Da Rocha Carvalho	/walney-da-rocha-carvalho
Marcelo Viviani Gonçalves	/marcelo-viviani-goncalves
Augusto Rodrigues Coutinho de Melo	/augusto-rodrigues-coutinho-de-melo
Luiz Odorico Monteiro de Andrade	/luiz-odorico-monteiro-de-andrade
Heberte Lamarck Gomes da Silva	/heberte-lamarck-gomes-da-silva
Sergio de Souza	/sergio-de-souza
Wherles Fernandes da Rocha	/wherles-fernandes-da-rocha
Dalírio José Beber	/dalirio-jose-beber
Ezequiel Cortaz Teixeira	/ezequiel-cortaz-teixeira
Hélio Leite Da Silva	/helio-leite-da-silva
Celso Ubirajara Russomanno	/celso-ubirajara-russomanno
Célio Antonio da Silveira	/celio-antonio-da-silveira
Luiz Henrique Mandetta	/luiz-henrique-mandetta
Olavo Bilac Pinto Neto	/olavo-bilac-pinto-neto
Welington Coimbra	/welington-coimbra
Jony Marcos de Souza Araujo	/jony-marcos-de-souza-araujo
Alexandre Augustus Serfiotis	/alexandre-augustus-serfiotis
Marx Beltrão Lima Siqueira	/marx-beltrao-lima-siqueira
Erivelton Lima Santana	/erivelton-lima-santana
Carlos Alberto De Sousa Rosado Segundo	/carlos-alberto-de-sousa-rosado-segundo
Felix de Almeida Mendonça Júnior	/felix-de-almeida-mendonca-junior
Carlos Eduardo Xavier Marun	/carlos-eduardo-xavier-marun
Geovania De Sá Rodrigues	/geovania-de-sa-rodrigues
Lincoln Diniz Portela	/lincoln-diniz-portela
Renata Hellmeister De Abreu	/renata-hellmeister-de-abreu
Leonardo Lemos Barros Quintão	/leonardo-lemos-barros-quintao
José Agripino Maia	/jose-agripino-maia
Fernando de Souza Flexa Ribeiro	/fernando-de-souza-flexa-ribeiro
Luiz Gionilson Pinheiro Borges	/luiz-gionilson-pinheiro-borges
Hissa Nagib Abrahão Filho	/hissa-nagib-abrahao-filho
Marcus Antonio Vicente	/marcus-antonio-vicente
Silas Freire Pereira e Silva	/silas-freire-pereira-e-silva
José Targino Maranhão	/jose-targino-maranhao
Mauro Ribeiro Lopes	/mauro-ribeiro-lopes
Vanderlei Macris	/vanderlei-macris
Marcelo Theodoro de Aguiar	/marcelo-theodoro-de-aguiar
Celso Pansera	/celso-pansera
Carlos Augusto Andrade Silva	/carlos-augusto-andrade-silva
Vicente Alves de Oliveira	/vicente-alves-de-oliveira
Antonio Duarte Nogueira Júnior	/antonio-duarte-nogueira-junior
Diego Leonardo de Andrade Carvalho	/diego-leonardo-de-andrade-carvalho
Edson Moreira Da Silva	/edson-moreira-da-silva
Valtenir Luiz Pereira	/valtenir-luiz-pereira
Rogério Simonetti Marinho	/rogerio-simonetti-marinho
Francisco Danilo Bastos Forte	/francisco-danilo-bastos-forte
Alex Spinelli Manente	/alex-spinelli-manente
Adelmo Carneiro Leao	/adelmo-carneiro-leao
Fábio Augusto Ramalho Dos Santos	/fabio-augusto-ramalho-dos-santos
Marcos Abrão Roriz Soares de Carvalho	/marcos-abrao-roriz-soares-de-carvalho
Renzo do Amaral Braz	/renzo-do-amaral-braz
André dos Santos Abdon	/andre-dos-santos-abdon
Fabio de Almeida Reis	/fabio-de-almeida-reis
Benjamin Gomes Maranhão Neto	/benjamin-gomes-maranhao-neto
Sinval Malheiros Pinto Júnior	/sinval-malheiros-pinto-junior
Otto Roberto Mendonça de Alencar	/otto-roberto-mendonca-de-alencar
Vanessa Grazziotin	/vanessa-grazziotin
Daniel Pires Coelho	/daniel-pires-coelho
Omar José Abdel Aziz	/omar-jose-abdel-aziz
Josiniane Braga Nunes	/josiniane-braga-nunes
Márcio Carlos Marinho	/marcio-carlos-marinho
Jose Luiz Stédile	/jose-luiz-stedile
Rubens Bueno	/rubens-bueno
Adelson Barreto dos Santos	/adelson-barreto-dos-santos
Edmar de Souza Arruda	/edmar-de-souza-arruda
Marcos Bezerra Ribeiro Soares	/marcos-bezerra-ribeiro-soares
Aluisio Guimarães Mendes Filho	/aluisio-guimaraes-mendes-filho
Hildo Augusto da Rocha Neto	/hildo-augusto-da-rocha-neto
Benedito de Lira	/benedito-de-lira
Wolney Queiroz Maciel	/wolney-queiroz-maciel
João Ferreira Neto	/joao-ferreira-neto
Kátia Regina de Abreu	/katia-regina-de-abreu
Domingos Sávio Campos Resende	/domingos-savio-campos-resende
Josué Bengtson	/josue-bengtson
Silvio França Torres	/silvio-franca-torres
Laerte Rodrigues de Bessa	/laerte-rodrigues-de-bessa
Átila Freitas Lira	/atila-freitas-lira
Giuseppe Vecci	/giuseppe-vecci
Adalberto Cavalcanti Rodrigues	/adalberto-cavalcanti-rodrigues
Marcus Vinícius Caetano Pestana da Silva	/marcus-vinicius-caetano-pestana-da-silva
Otavio Santos Silva Leite	/otavio-santos-silva-leite
Fernando Destito Francischini	/fernando-destito-francischini
Fabio Cruz Mitidieri	/fabio-cruz-mitidieri
Laercio José de Oliveira	/laercio-jose-de-oliveira
Carmen Emília Bonfá Zanotto	/carmen-emilia-bonfa-zanotto
Alexandre Valle Cardoso	/alexandre-valle-cardoso
Luiz Cláudio Pereira Alves	/luiz-claudio-pereira-alves
Pedro Fernandes Ribeiro	/pedro-fernandes-ribeiro
Elmano Férrer De Almeida	/elmano-ferrer-de-almeida
Newton Cardoso Junior	/newton-cardoso-junior
Izalci Lucas Ferreira	/izalci-lucas-ferreira
Mário Silvio Mendes Negromonte Júnior	/mario-silvio-mendes-negromonte-junior
Guilherme Mussi Ferreira	/guilherme-mussi-ferreira
Fábio Salustino Mesquita de Faria	/fabio-salustino-mesquita-de-faria
Bruna Dias Furlan	/bruna-dias-furlan
Severino De Souza Silva	/severino-de-souza-silva
Carlos Eduardo de Souza Braga	/carlos-eduardo-de-souza-braga
Luiza Erundina de Sousa	/luiza-erundina-de-sousa
Maria Margarida Martins Salomão	/maria-margarida-martins-salomao
Benevenuto Daciolo Fonseca Dos Santos	/benevenuto-daciolo-fonseca-dos-santos
Eronildes Vasconcelos Carvalho	/eronildes-vasconcelos-carvalho
Clarissa Barros Assed Matheus de Oliveira	/clarissa-barros-assed-matheus-de-oliveira
Andres Navarro Sanchez	/andres-navarro-sanchez
José Leonardo Costa Monteiro	/jose-leonardo-costa-monteiro
Maria do Rosário Nunes	/maria-do-rosario-nunes
Simone Nassar Tebet	/simone-nassar-tebet
Roberto João Pereira Freire	/roberto-joao-pereira-freire
José Wellington Roberto	/jose-wellington-roberto
Aécio Neves da Cunha	/aecio-neves-da-cunha
João Campos de Araújo	/joao-campos-de-araujo
Maria Laura Monteza de Souza Carneiro	/laura-carneiro
Eduardo Luiz Barros Barbosa	/eduardo-luiz-barros-barbosa
Arthur de Oliveira Maia da Silva	/arthur-de-oliveira-maia-da-silva
Raimundo Gomes de Matos	/raimundo-gomes-de-matos
Paulo Roberto Galvão da Rocha	/paulo-roberto-galvao-da-rocha
Benedito Roberto Alves Ferreira	/benedito-roberto-alves-ferreira
Irajá Silvestre Filho	/iraja-silvestre-filho
Ricardo Teobaldo Cavalcanti	/ricardo-teobaldo-cavalcanti
José Leônidas de Menezes Cristino	/jose-leonidas-de-menezes-cristino
Sérgio de Oliveira Cunha	/sergio-de-oliveira-cunha
Ronaldo Carletto	/ronaldo-carletto
Bonifácio José Tamm de Andrada	/bonifacio-jose-tamm-de-andrada
Simone Maria Morgado Ferreira	/simone-maria-morgado-ferreira
Paulo Fernando Dos Santos	/paulo-fernando-dos-santos
Nelson Marquezelli	/nelson-marquezelli
Rômulo José de Gouveia	/romulo-jose-de-gouveia
Luiz Hiloshi Nishimori	/luiz-hiloshi-nishimori
Gilberto Nascimento Silva	/gilberto-nascimento-silva
Benedita Souza da Silva Sampaio	/benedita-souza-da-silva-sampaio
Mauro Mariani	/mauro-mariani
Silas Câmara	/silas-camara
Luis Carlos Heinze	/luis-carlos-heinze
Max Freitas Mauro Filho	/max-freitas-mauro-filho
David Samuel Alcolumbre Tobelem	/david-samuel-alcolumbre-tobelem
Marcelo Costa E Castro	/marcelo-costa-e-castro
Simão Sessim	/simao-sessim
Gleisi Helena Hoffmann	/gleisi-helena-hoffmann
Eduardo Henrique da Fonte de Albuquerque Silva	/eduardo-henrique-da-fonte-de-albuquerque-silva
José Aníbal Peres de Pontes	/jose-anibal-peres-de-pontes
Helder Ignacio Salomão	/helder-ignacio-salomao
Arthur César Pereira de Lira	/arthur-cesar-pereira-de-lira
Valmir Carlos da Assunção	/valmir-carlos-da-assuncao
Armando de Queiroz Monteiro Neto	/armando-de-queiroz-monteiro-neto
Luiz Fernando Ramos Faria	/luiz-fernando-ramos-faria
Magno Pereira Malta	/magno-pereira-malta
Jorge José Santos Pereira Solla	/jorge-jose-santos-pereira-solla
Marco Aurélio Spall Maia	/marco-aurelio-spall-maia
Átila Sidney Lins Albuquerque	/atila-sidney-lins-albuquerque
Marco Antônio Feliciano	/marco-antonio-feliciano
Marinha Célia Rocha Raupp de Matos	/marinha-celia-rocha-raupp-de-matos
Lucio Antonio Mosquini	/lucio-antonio-mosquini
Marta Teresa Suplicy	/marta-teresa-suplicy
Aguinaldo Velloso Borges Ribeiro	/aguinaldo-velloso-borges-ribeiro
Hidekazu Takayama	/hidekazu-takayama
Antonio Carlos Martins de Bulhões	/antonio-carlos-martins-de-bulhoes
Luiz Sérgio Nóbrega de Oliveira	/luiz-sergio-nobrega-de-oliveira
Wladimir Afonso da Costa Rabelo	/wladimir-afonso-da-costa-rabelo
Shéridan Estérfany Oliveira De Anchieta	/sheridan-esterfany-oliveira-de-anchieta
Antonio Sergio Alves Vidigal	/antonio-sergio-alves-vidigal
Tania Raquel De Queiroz Muniz	/tania-raquel-de-queiroz-muniz
José Olimpio Silveira Moraes	/jose-olimpio-silveira-moraes
Roberto Egídio Balestra	/roberto-egidio-balestra
Vicente Cândido da Silva	/vicente-candido-da-silva
Cleber Verde Cordeiro Mendes	/cleber-verde-cordeiro-mendes
Moema Isabel Passos Gramacho	/moema-isabel-passos-gramacho
Janete Maria Góes Capiberibe	/janete-maria-goes-capiberibe
Alex Canziani Silveira	/alex-canziani-silveira
José Roberto Oliveira Faro	/jose-roberto-oliveira-faro
Erika Jucá Kokay	/erika-juca-kokay
Carlos César Correia de Messias	/carlos-cesar-correia-de-messias
Ezequiel Angelo Fonseca	/ezequiel-angelo-fonseca
Jandira Feghali	/jandira-feghali
José Odorico Miranda Dos Santos	/jose-orcirio-miranda-dos-santos
Aníbal Ferreira Gomes	/anibal-ferreira-gomes
Vinicius de Azevedo Gurgel	/vinicius-de-azevedo-gurgel
Davi Alves Silva Júnior	/davi-alves-silva-junior
Antonio Carlos de Mendes Thame	/antonio-carlos-de-mendes-thame
Fernando Dantas Torres	/fernando-dantas-torres
Jerônimo Pizzolotto Goergen	/jeronimo-pizzolotto-goergen
Dilceu João Sperafico	/dilceu-joao-sperafico
Jefferson Alves de Campos	/jefferson-alves-de-campos
José Alberto Fogaça De Medeiros	/jose-alberto-fogaca-de-medeiros
Paulo Roberto Bauer	/paulo-roberto-bauer
José Alfonso Ebert Hamm	/jose-alfonso-ebert-hamm
João Carlos Siqueira	/joao-carlos-siqueira
José Maria Macedo Junior	/jose-maria-macedo-junior
José Reinaldo Carneiro Tavares	/jose-reinaldo-carneiro-tavares
Joziane Araújo Nascimento Rocha	/joziane-araujo-nascimento-rocha
Júlio César Delgado	/julio-cesar-delgado
Luizianne de Oliveira Lins	/luizianne-de-oliveira-lins
Fernando Antônio Ceciliano Jordão	/fernando-antonio-ceciliano-jordao
Rubens Otoni Gomide	/rubens-otoni-gomide
José Carlos Becker de Oliveira E Silva	/jose-carlos-becker-de-oliveira-e-silva
Edison Lobão	/edison-lobao
Wellington Antonio Fagundes	/wellington-antonio-fagundes
Paulo Sérgio Paranhos de Magalhães	/paulo-sergio-paranhos-de-magalhaes
Rodrigo Felinto Ibarra Epitácio Maia	/rodrigo-felinto-ibarra-epitacio-maia
João Somariva Daniel	/joao-somariva-daniel
José Cavalcanti Alves Junior	/jose-cavalcanti-alves-junior
Édio Vieira Lopes	/edio-vieira-lopes
Antonio Goulart dos Reis	/antonio-goulart-dos-reis
Maria Gorete Pereira	/maria-gorete-pereira
Caio Narcio Rodrigues Da Silveira	/caio-narcio-rodrigues-da-silveira
Gladson de Lima Cameli	/gladson-de-lima-cameli
José Mentor Guilherme de Mello Netto	/jose-mentor-guilherme-de-mello-netto
Arnaldo Faria de Sá	/arnaldo-faria-de-sa
Luciano Ducci	/luciano-ducci
Luiz Paulo Teixeira Ferreira	/luiz-paulo-teixeira-ferreira
Jacob Alfredo Stoffels Kaefer	/jacob-alfredo-stoffels-kaefer
Damião Feliciano da Silva	/damiao-feliciano-da-silva
Sérgio Bavini	/sergio-bavini
Nelson Meurer	/nelson-meurer
Lídice da Mata E Souza	/lidice-da-mata-e-souza
Daniel Gomes de Almeida	/daniel-gomes-de-almeida
Antônio Pinheiro Júnior	/antonio-pinheiro-junior
Giovani Cherini	/giovani-cherini
Genecias Mateus Noronha	/genecias-mateus-noronha
Geraldo Resende Pereira	/geraldo-resende-pereira
Valmir Prascidelli	/valmir-prascidelli
Odelmo Leão Carneiro Sobrinho	/odelmo-leao-carneiro-sobrinho
Iracema Maria Portella Nunes Nogueira Lima	/iracema-maria-portella-nunes-nogueira-lima
João José de Arruda Júnior	/joao-jose-de-arruda-junior
Weverton Rocha Marques de Sousa	/weverton-rocha-marques-de-sousa
Jovair de Oliveira Arantes	/jovair-de-oliveira-arantes
Magda Mofatto Hon	/magda-mofatto-hon
Humberto Sérgio Costa Lima	/humberto-sergio-costa-lima
Heráclito de Sousa Fortes	/heraclito-de-sousa-fortes
Waldir Maranhão Cardoso	/waldir-maranhao-cardoso
Altineu Côrtes Freitas Coutinho	/altineu-cortes-freitas-coutinho
Ronaldo José Benedet	/ronaldo-jose-benedet
Ataídes de Oliveira	/ataides-de-oliveira
Mauro Pereira	/mauro-pereira
Luciana Barbosa de Oliveira Santos	/luciana-barbosa-de-oliveira-santos
Celso Maldaner	/celso-maldaner
Júlio César de Carvalho Lima	/julio-cesar-de-carvalho-lima
Darci Pompeo de Mattos	/darci-pompeo-de-mattos
Marcos José Reategui Souza	/marcos-jose-reategui-souza
Cássio Rodrigues da Cunha Lima	/cassio-rodrigues-da-cunha-lima
Hugo Leal Melo da Silva	/hugo-leal-melo-da-silva
Leopoldo Costa Meyer	/leopoldo-costa-meyer
Franklin Roberto De Lima Souza	/franklin-roberto-de-lima-souza
Maria Auxiliadora Seabra Rezende	/maria-auxiliadora-seabra-rezende
Pedro Francisco Uczai	/pedro-francisco-uczai
Roberto Pereira de Britto	/roberto-pereira-de-britto
Nilson Aparecido Leitão	/nilson-aparecido-leitao
Rôney Tanios Nemer	/roney-tanios-nemer
José Aparecido Dos Santos	/jose-aparecido-dos-santos
Luiz Gonzaga Ribeiro	/luiz-gonzaga-ribeiro
Fernando Affonso Collor de Mello	/fernando-affonso-collor-de-mello
Romero Jucá Filho	/romero-juca-filho
Carlos do Carmo Andrade Melles	/carlos-do-carmo-andrade-melles
Enio José Verri	/enio-jose-verri
Antonio Wandscheer	/antonio-wandscheer
João Carlos Paolilo Bacelar Filho	/joao-carlos-paolilo-bacelar-filho
Nilton Balbino	/nilton-balbino
Flaviano Flávio Baptista de Melo	/flaviano-flavio-baptista-de-melo
Marcelo Squassoni	/marcelo-squassoni
Marcos Montes Cordeiro	/marcos-montes-cordeiro
Eduardo Alves do Amorim	/eduardo-alves-do-amorim
Fernando Bezerra De Souza Coelho	/fernando-bezerra-de-souza-coelho
José Arnon Cruz Bezerra de Menezes	/jose-arnon-cruz-bezerra-de-menezes
João Carlos Bacelar Batista	/joao-carlos-bacelar-batista
Lázaro Botelho Martins	/lazaro-botelho-martins
Marcio Luiz Alvino De Souza	/marcio-luiz-alvino-de-souza
Rogério Schumann Rosso	/rogerio-schumann-rosso
João Rodrigues	/joao-rodrigues
Marinaldo Rosendo De Albuquerque	/marinaldo-rosendo-de-albuquerque
João Alberto Fraga Silva	/joao-alberto-fraga-silva
Roberto Requião de Mello E Silva	/roberto-requiao-de-mello-e-silva
Aelton José de Freitas	/aelton-jose-de-freitas
Dionilso Mateus Marcon	/dionilso-mateus-marcon
Miguel Moubadda Haddad	/miguel-moubadda-haddad
Darcísio Paulo Perondi	/darcisio-paulo-perondi
Orlando Silva De Jesus Junior	/orlando-silva-de-jesus-junior
José Perrella de Oliveira Costa	/jose-perrella-de-oliveira-costa
Alceu Moreira da Silva	/alceu-moreira-da-silva
Paulo Fernando Feijo Torres	/paulo-fernando-feijo-torres
João Castelo Ribeiro Gonçalvez	/joao-castelo-ribeiro-goncalves
João Alberto Rodrigues Capiberibe	/joao-alberto-rodrigues-capiberibe
José Renan Vasconcelos Calheiros	/jose-renan-vasconcelos-calheiros
Ademir Camilo Prates Rodrigues	/ademir-camilo-prates-rodrigues
Luiz Carlos Caetano	/luiz-carlos-caetano
Renato Delmar Molling	/renato-delmar-molling
Luis Henrique de Oliveira Resende	/luis-henrique-de-oliveira-resende
Luiz Felipe Baleia Tenuto Rossi	/luiz-felipe-baleia-tenuto-rossi
João Paulo Tavares Papa	/joao-paulo-tavares-papa
Sérgio Ivan Moraes	/sergio-ivan-moraes
Lindomar Barbosa Alves	/lindomar-barbosa-alves
Jader Fontenelle Barbalho	/jader-fontenelle-barbalho
Augusto Silveira De Carvalho	/augusto-silveira-de-carvalho
José Otávio Germano	/jose-otavio-germano
Paulo Roberto Severo Pimenta	/paulo-roberto-severo-pimenta
Vitor Lippi	/vitor-lippi
Ciro Nogueira Lima Filho	/ciro-nogueira-lima-filho
José de Andrade Maia Filho	/jose-de-andrade-maia-filho
Acir Marcos Gurgacz	/acir-marcos-gurgacz
Vander Luiz Dos Santos Loubet	/vander-luiz-dos-santos-loubet
Edmilson Brito Rodrigues	/edmilson-brito-rodrigues
Valdir Raupp de Matos	/valdir-raupp-de-matos
Cesar Hanna Halum	/cesar-hanna-halum
Marcos Da Rocha Mendes	/marcos-da-rocha-mendes
Adilton Domingos Sachetti	/adilton-domingos-sachetti
Washington Reis de Oliveira	/washington-reis-de-oliveira
Marco Antonio Tebaldi	/marco-antonio-tebaldi
Alfredo Pereira do Nascimento	/alfredo-pereira-do-nascimento
Francisco de Assis Carvalho Gonçalves	/francisco-de-assis-carvalho-goncalves
Décio Nery de Lima	/decio-nery-de-lima
Edson Edinho Coelho Araújo	/edson-edinho-coelho-araujo
Ronaldo Augusto Lessa Santos	/ronaldo-augusto-lessa-santos
Antonio da Cruz Filgueira Junior	/antonio-da-cruz-filgueira-junior
Ságuas Moraes Sousa	/saguas-moraes-sousa
Paulo Pereira da Silva	/paulo-pereira-da-silva
André Luis Dantas Ferreira	/andre-luis-dantas-ferreira
Carlos Henrique Amorim	/carlos-henrique-amorim
Carlos Gomes Bezerra	/carlos-gomes-bezerra
Eduardo Pedrosa Cury	/eduardo-pedrosa-cury
Antonio Roberto Rodrigues Góes da Silva	/antonio-roberto-rodrigues-goes-da-silva
Dário Elias Berger	/dario-elias-berger
Luiz Lindbergh Farias Filho	/luiz-lindbergh-farias-filho
Paulo Salim Maluf	/paulo-salim-maluf
Ivo Narciso Cassol	/ivo-narciso-cassol
Herculano Castilho Passos Junior	/herculano-castilho-passos-junior
Celso Alencar Ramos Jacob	/celso-alencar-ramos-jacob
Paulo Roberto Gomes Mansur	/paulo-roberto-gomes-mansur